0. user name: Abram_Caron
   user email: AbramCaron@abram_caron_test.com
   user password: AbramCaron_YWRyUQBt
 
1. user name: Cam_Omalley
   user email: CamOmalley@cam_omalley_test.com
   user password: CamOmalley_VkmkNoR7
 
2. user name: Annmaria_Wilkinson
   user email: AnnmariaWilkinson@annmaria_wilkinson_test.com
   user password: AnnmariaWilkinson_5SdbgDRU
 
3. user name: Charmaine_Rees
   user email: CharmaineRees@charmaine_rees_test.com
   user password: CharmaineRees_SEKH4Slt
 
4. user name: Emelina_Nagle
   user email: EmelinaNagle@emelina_nagle_test.com
   user password: EmelinaNagle_euSCw0tz
 
5. user name: Lynsey_Maldonado
   user email: LynseyMaldonado@lynsey_maldonado_test.com
   user password: LynseyMaldonado_iTadA2kc
 
6. user name: Hayes_Latham
   user email: HayesLatham@hayes_latham_test.com
   user password: HayesLatham_w3bY3f0x
 
7. user name: Pamelina_Contreras
   user email: PamelinaContreras@pamelina_contreras_test.com
   user password: PamelinaContreras_RINFXrcQ
 
8. user name: Aurel_Hartman
   user email: AurelHartman@aurel_hartman_test.com
   user password: AurelHartman_zGbGQ1ub
 
9. user name: Hastings_Corbett
   user email: HastingsCorbett@hastings_corbett_test.com
   user password: HastingsCorbett_DLUVh1DS
 
10. user name: Tobe_Rush
   user email: TobeRush@tobe_rush_test.com
   user password: TobeRush_vOrmBz9C
 
11. user name: Anica_Franks
   user email: AnicaFranks@anica_franks_test.com
   user password: AnicaFranks_wsvDh04t
 
12. user name: Gail_Craig
   user email: GailCraig@gail_craig_test.com
   user password: GailCraig_MK9SzJ82
 
13. user name: Verile_Pruett
   user email: VerilePruett@verile_pruett_test.com
   user password: VerilePruett_rRVe933B
 
14. user name: Jaime_Greenfiel
   user email: JaimeGreenfiel@jaime_greenfiel_test.com
   user password: JaimeGreenfiel_d2iYwM9L
 
15. user name: Emmalyn_Heaton
   user email: EmmalynHeaton@emmalyn_heaton_test.com
   user password: EmmalynHeaton_FRaMPMFI
 
16. user name: Patel_Trevino
   user email: PatelTrevino@patel_trevino_test.com
   user password: PatelTrevino_Nxb9ME8a
 
17. user name: Adolphe_Archer
   user email: AdolpheArcher@adolphe_archer_test.com
   user password: AdolpheArcher_rMvsL9Zp
 
18. user name: Domenic_Boggs
   user email: DomenicBoggs@domenic_boggs_test.com
   user password: DomenicBoggs_3oPklQlX
 
19. user name: Shelden_Swann
   user email: SheldenSwann@shelden_swann_test.com
   user password: SheldenSwann_2mhucAAw
 
20. user name: Adina_Clements
   user email: AdinaClements@adina_clements_test.com
   user password: AdinaClements_lra85USH
 
21. user name: Rene_Yates
   user email: ReneYates@rene_yates_test.com
   user password: ReneYates_fENh7J8h
 
22. user name: Tony_Sprague
   user email: TonySprague@tony_sprague_test.com
   user password: TonySprague_lzut1nJl
 
23. user name: JoAnn_Hatton
   user email: JoAnnHatton@joann_hatton_test.com
   user password: JoAnnHatton_FcGVd7Ub
 
24. user name: Lust_Ratliff
   user email: LustRatliff@lust_ratliff_test.com
   user password: LustRatliff_w8Hiy6Ri
 
25. user name: Rolf_Hall
   user email: RolfHall@rolf_hall_test.com
   user password: RolfHall_rqVlqsJQ
 
26. user name: Anders_Irwin
   user email: AndersIrwin@anders_irwin_test.com
   user password: AndersIrwin_FZDXZWph
 
27. user name: Tracy_Mays
   user email: TracyMays@tracy_mays_test.com
   user password: TracyMays_HB9nMifJ
 
28. user name: Margalo_Wofford
   user email: MargaloWofford@margalo_wofford_test.com
   user password: MargaloWofford_XQf2eoGp
 
29. user name: Bren_Moulton
   user email: BrenMoulton@bren_moulton_test.com
   user password: BrenMoulton_3Ocd6l4c
 
30. user name: Hattie_Kenny
   user email: HattieKenny@hattie_kenny_test.com
   user password: HattieKenny_TiGHATbe
 
31. user name: Dimitrou_Glass
   user email: DimitrouGlass@dimitrou_glass_test.com
   user password: DimitrouGlass_RBD5Qo0a
 
32. user name: Camella_Chatman
   user email: CamellaChatman@camella_chatman_test.com
   user password: CamellaChatman_RxEaPNbz
 
33. user name: Kori_Ponce
   user email: KoriPonce@kori_ponce_test.com
   user password: KoriPonce_6kSnsvNg
 
34. user name: Emelita_Yates
   user email: EmelitaYates@emelita_yates_test.com
   user password: EmelitaYates_VRzXvx8o
 
35. user name: Leopold_Harrison
   user email: LeopoldHarrison@leopold_harrison_test.com
   user password: LeopoldHarrison_bf9gnjof
 
36. user name: Oralie_Cramer
   user email: OralieCramer@oralie_cramer_test.com
   user password: OralieCramer_Y7NdgSNf
 
37. user name: Kellia_Bernstein
   user email: KelliaBernstein@kellia_bernstein_test.com
   user password: KelliaBernstein_AyhXlj62
 
38. user name: Briggs_Scales
   user email: BriggsScales@briggs_scales_test.com
   user password: BriggsScales_nReSb3qQ
 
39. user name: Justin_Ellsworth
   user email: JustinEllsworth@justin_ellsworth_test.com
   user password: JustinEllsworth_Ndu80nMY
 
40. user name: Archy_Mcclain
   user email: ArchyMcclain@archy_mcclain_test.com
   user password: ArchyMcclain_ONVyAPZt
 
41. user name: Gerry_Hoyle
   user email: GerryHoyle@gerry_hoyle_test.com
   user password: GerryHoyle_szakV3pR
 
42. user name: Loella_Unger
   user email: LoellaUnger@loella_unger_test.com
   user password: LoellaUnger_angC8QgY
 
43. user name: Min_Warner
   user email: MinWarner@min_warner_test.com
   user password: MinWarner_Aam9gH4S
 
44. user name: Davidde_Motley
   user email: DaviddeMotley@davidde_motley_test.com
   user password: DaviddeMotley_N1yxIo5L
 
45. user name: Johan_Reynoso
   user email: JohanReynoso@johan_reynoso_test.com
   user password: JohanReynoso_kQn0P3c9
 
46. user name: Kristin_Kellogg
   user email: KristinKellogg@kristin_kellogg_test.com
   user password: KristinKellogg_E77SeM7G
 
47. user name: Ania_Campbell
   user email: AniaCampbell@ania_campbell_test.com
   user password: AniaCampbell_MOgrRtln
 
48. user name: Sabra_Geary
   user email: SabraGeary@sabra_geary_test.com
   user password: SabraGeary_AwuEhorl
 
49. user name: Aura_Marion
   user email: AuraMarion@aura_marion_test.com
   user password: AuraMarion_s02dNk7J
 
50. user name: Abdul_Moyer
   user email: AbdulMoyer@abdul_moyer_test.com
   user password: AbdulMoyer_IoAdxM7q
 
51. user name: Annabella_Morin
   user email: AnnabellaMorin@annabella_morin_test.com
   user password: AnnabellaMorin_dI7mfiCL
 
52. user name: Kandace_Waugh
   user email: KandaceWaugh@kandace_waugh_test.com
   user password: KandaceWaugh_GsBKcyOn
 
53. user name: Matelda_Portillo
   user email: MateldaPortillo@matelda_portillo_test.com
   user password: MateldaPortillo_s5FdjP4Q
 
54. user name: Oran_Rowe
   user email: OranRowe@oran_rowe_test.com
   user password: OranRowe_XkraVIAF
 
55. user name: Mortie_Waugh
   user email: MortieWaugh@mortie_waugh_test.com
   user password: MortieWaugh_TjI6aHpB
 
56. user name: Roderic_Mccarty
   user email: RodericMccarty@roderic_mccarty_test.com
   user password: RodericMccarty_dLU5UFug
 
57. user name: Neddie_Baer
   user email: NeddieBaer@neddie_baer_test.com
   user password: NeddieBaer_xcGSzwFL
 
58. user name: Manish_Huey
   user email: ManishHuey@manish_huey_test.com
   user password: ManishHuey_a58TLvjy
 
59. user name: Ralina_Moya
   user email: RalinaMoya@ralina_moya_test.com
   user password: RalinaMoya_nEDlxC5j
 
60. user name: Rebeca_Hooper
   user email: RebecaHooper@rebeca_hooper_test.com
   user password: RebecaHooper_7k0RvGoC
 
61. user name: Randie_Willis
   user email: RandieWillis@randie_willis_test.com
   user password: RandieWillis_6skXPeU2
 
62. user name: Sarah_Stevens
   user email: SarahStevens@sarah_stevens_test.com
   user password: SarahStevens_BXmZGHP5
 
63. user name: Micheline_Byrd
   user email: MichelineByrd@micheline_byrd_test.com
   user password: MichelineByrd_Z53eYDiQ
 
64. user name: Thia_Moser
   user email: ThiaMoser@thia_moser_test.com
   user password: ThiaMoser_ZMvDE62w
 
65. user name: Siffre_Naquin
   user email: SiffreNaquin@siffre_naquin_test.com
   user password: SiffreNaquin_1UlGRf1S
 
66. user name: Zitella_Fuentes
   user email: ZitellaFuentes@zitella_fuentes_test.com
   user password: ZitellaFuentes_wsUKTa61
 
67. user name: Apostolos_Whaley
   user email: ApostolosWhaley@apostolos_whaley_test.com
   user password: ApostolosWhaley_g0cWjaKv
 
68. user name: Isaak_Unger
   user email: IsaakUnger@isaak_unger_test.com
   user password: IsaakUnger_Bvm8QWWx
 
69. user name: Vasili_Grove
   user email: VasiliGrove@vasili_grove_test.com
   user password: VasiliGrove_vhmPhv10
 
70. user name: Guthry_Camacho
   user email: GuthryCamacho@guthry_camacho_test.com
   user password: GuthryCamacho_7kdRyRfJ
 
71. user name: Artur_Burris
   user email: ArturBurris@artur_burris_test.com
   user password: ArturBurris_NyM2yNOW
 
72. user name: Hestia_Combs
   user email: HestiaCombs@hestia_combs_test.com
   user password: HestiaCombs_y8QiJpu4
 
73. user name: Dorolisa_Vann
   user email: DorolisaVann@dorolisa_vann_test.com
   user password: DorolisaVann_m8PTinGy
 
74. user name: Aube_Barber
   user email: AubeBarber@aube_barber_test.com
   user password: AubeBarber_snGehRCV
 
75. user name: Simona_France
   user email: SimonaFrance@simona_france_test.com
   user password: SimonaFrance_LSLNCCH1
 
76. user name: Kinna_Delaney
   user email: KinnaDelaney@kinna_delaney_test.com
   user password: KinnaDelaney_DquOPF3T
 
77. user name: Jamie_Acosta
   user email: JamieAcosta@jamie_acosta_test.com
   user password: JamieAcosta_fQZz4Q9A
 
78. user name: Web_Mosher
   user email: WebMosher@web_mosher_test.com
   user password: WebMosher_0LwNwW3y
 
79. user name: Amy_Adler
   user email: AmyAdler@amy_adler_test.com
   user password: AmyAdler_R87Oh2Ev
 
80. user name: Nadeen_Steen
   user email: NadeenSteen@nadeen_steen_test.com
   user password: NadeenSteen_g4ejkGth
 
81. user name: Anneliese_Johns
   user email: AnnelieseJohns@anneliese_johns_test.com
   user password: AnnelieseJohns_1171eFk1
 
82. user name: Lionel_Tidwell
   user email: LionelTidwell@lionel_tidwell_test.com
   user password: LionelTidwell_smY2sydm
 
83. user name: Rufus_Belanger
   user email: RufusBelanger@rufus_belanger_test.com
   user password: RufusBelanger_5CaYbKGz
 
84. user name: Lindy_Arellano
   user email: LindyArellano@lindy_arellano_test.com
   user password: LindyArellano_AKa9kdWq
 
85. user name: Wes_Henning
   user email: WesHenning@wes_henning_test.com
   user password: WesHenning_u8qPXr9i
 
86. user name: Cristy_Adkins
   user email: CristyAdkins@cristy_adkins_test.com
   user password: CristyAdkins_DmNXbCOW
 
87. user name: Vivian_Reese
   user email: VivianReese@vivian_reese_test.com
   user password: VivianReese_X7OwrbVp
 
88. user name: Ted_Ponder
   user email: TedPonder@ted_ponder_test.com
   user password: TedPonder_g5in6sMO
 
89. user name: Lib_Coffey
   user email: LibCoffey@lib_coffey_test.com
   user password: LibCoffey_ssSg7vYJ
 
90. user name: Heinz_Bearden
   user email: HeinzBearden@heinz_bearden_test.com
   user password: HeinzBearden_Hw8I8jNw
 
91. user name: Karyn_Hopson
   user email: KarynHopson@karyn_hopson_test.com
   user password: KarynHopson_uXk5nJHy
 
92. user name: Quentin_Easley
   user email: QuentinEasley@quentin_easley_test.com
   user password: QuentinEasley_YtmpOYNm
 
93. user name: Toddy_Willett
   user email: ToddyWillett@toddy_willett_test.com
   user password: ToddyWillett_5ddgXvHX
 
94. user name: Glory_Dudley
   user email: GloryDudley@glory_dudley_test.com
   user password: GloryDudley_mBUGruvI
 
95. user name: Isabella_Huang
   user email: IsabellaHuang@isabella_huang_test.com
   user password: IsabellaHuang_8mQZk3BW
 
96. user name: Patrica_Doughty
   user email: PatricaDoughty@patrica_doughty_test.com
   user password: PatricaDoughty_lFYpQh4L
 
97. user name: Mariam_Vaughn
   user email: MariamVaughn@mariam_vaughn_test.com
   user password: MariamVaughn_h2XcsvPW
 
98. user name: Alicea_Lind
   user email: AliceaLind@alicea_lind_test.com
   user password: AliceaLind_ZOsGfVaL
 
99. user name: Sherie_Langford
   user email: SherieLangford@sherie_langford_test.com
   user password: SherieLangford_GVakXcNu
 
